<?xml version="1.0" encoding="UTF-8"?>
<project-private xmlns="http://www.netbeans.org/ns/project-private/1">
    <editor-bookmarks xmlns="http://www.netbeans.org/ns/editor-bookmarks/2" lastBookmarkId="0"/>
    <open-files xmlns="http://www.netbeans.org/ns/projectui-open-files/2">
        <group>
            <file>file:/C:/PACK%20FICCT/ESTRUCTURA%20DE%20DATOS%202/DiccionarioP/src/diccionario/Diccionario.java</file>
            <file>file:/C:/PACK%20FICCT/ESTRUCTURA%20DE%20DATOS%202/DiccionarioP/src/negocio/NodoBinario.java</file>
            <file>file:/C:/PACK%20FICCT/ESTRUCTURA%20DE%20DATOS%202/DiccionarioP/src/negocio/ArbolMVias.java</file>
            <file>file:/C:/PACK%20FICCT/ESTRUCTURA%20DE%20DATOS%202/DiccionarioP/src/presentacion/frmbiblioteca.java</file>
            <file>file:/C:/PACK%20FICCT/ESTRUCTURA%20DE%20DATOS%202/DiccionarioP/src/negocio/Arboles.java</file>
            <file>file:/C:/PACK%20FICCT/ESTRUCTURA%20DE%20DATOS%202/DiccionarioP/src/negocio/NodoMVias.java</file>
            <file>file:/C:/PACK%20FICCT/ESTRUCTURA%20DE%20DATOS%202/DiccionarioP/src/Datos/Diccionario.txt</file>
            <file>file:/C:/PACK%20FICCT/ESTRUCTURA%20DE%20DATOS%202/DiccionarioP/src/negocio/ArbolBinarioBusqueda.java</file>
            <file>file:/C:/PACK%20FICCT/ESTRUCTURA%20DE%20DATOS%202/DiccionarioP/src/arboles/Excepciones/ExcepcionClaveNoExiste.java</file>
            <file>file:/C:/PACK%20FICCT/ESTRUCTURA%20DE%20DATOS%202/DiccionarioP/src/arboles/Excepciones/ExcepcionOrdenInvalido.java</file>
            <file>file:/C:/PACK%20FICCT/ESTRUCTURA%20DE%20DATOS%202/DiccionarioP/src/negocio/AVL.java</file>
            <file>file:/C:/PACK%20FICCT/ESTRUCTURA%20DE%20DATOS%202/DiccionarioP/src/negocio/IArbolBinario.java</file>
        </group>
    </open-files>
</project-private>
